path,label,class
"data\maharastra\449163762839718613.jpg",3,maharastra
"data\maharastra\9bce955222472b1156891f898800c315.jpg",3,maharastra
"data\coorg\Screenshot 2026-10-04 110645.png",1,coorg
"data\coorg\Screenshot 2026-10-04 112634.png",1,coorg
"data\coorg\Screenshot 2026-10-04 112318.png",1,coorg
"data\maharastra\d05966d8dbfced6fd3a44ddfe2505b88.jpg",3,maharastra
"data\assamese\🤍🌝.jpg",0,assamese
"data\assamese\176414510396904070.jpg",0,assamese
"data\assamese\Assamese mekhala sador.jfif",0,assamese
"data\coorg\kodava_saree_woman__acb13f5bfd02.jpg",1,coorg
"data\gujarati\Screenshot 2026-10-04 201301.png",2,gujarati
"data\gujarati\Screenshot 2026-10-06 191223.png",2,gujarati
"data\coorg\coorg_saree_woman__9525de713a44.jpg",1,coorg
"data\maharastra\5f1bdeba6f1f5d99b0c2ef390940b5e2.jpg",3,maharastra
"data\assamese\694046992604013405.jpg",0,assamese
"data\gujarati\52.jpg",2,gujarati
"data\assamese\Tai Ahom dress (12).jfif",0,assamese
"data\gujarati\Screenshot 2026-10-06 190110.png",2,gujarati
"data\coorg\Screenshot 2026-10-04 105900.png",1,coorg
"data\coorg\Screenshot 2026-10-04 113339.png",1,coorg
"data\gujarati\Screenshot 2026-10-06 194112.png",2,gujarati
"data\coorg\Screenshot 2026-10-04 105515.png",1,coorg
"data\gujarati\Screenshot 2026-10-06 185532.png",2,gujarati
"data\assamese\New Collection.jpg",0,assamese
"data\gujarati\Screenshot 2026-10-06 194137.png",2,gujarati
"data\gujarati\Screenshot 2026-10-04 234145.png",2,gujarati
"data\coorg\Screenshot 2026-10-04 114710.png",1,coorg
"data\gujarati\Screenshot 2026-10-06 190838.png",2,gujarati
"data\gujarati\Screenshot 2026-10-06 193209.png",2,gujarati
"data\coorg\Screenshot 2026-10-04 112239.png",1,coorg
"data\assamese\Tai Ahom dress (6).jpg",0,assamese
"data\maharastra\50+ Ready to Wear Nauvari Saree.jpg",3,maharastra
"data\assamese\16395986140112286.jpg",0,assamese
"data\maharastra\04916d10fefba68a0b188e3b53f82907.jpg",3,maharastra
"data\assamese\Bihu Danced.jpg",0,assamese
"data\gujarati\Screenshot 2026-10-06 183532.png",2,gujarati
"data\assamese\7740630606892237.jpg",0,assamese
"data\gujarati\Screenshot 2026-10-04 233106.png",2,gujarati
"data\maharastra\2ba63c264199a95c5d4108c66daeec6d.jpg",3,maharastra
"data\coorg\Screenshot 2026-10-04 112645.png",1,coorg
"data\maharastra\5fe4f871742dc278664fe713ce1916b8.jpg",3,maharastra
"data\coorg\Screenshot 2026-10-04 114133.png",1,coorg
"data\coorg\Screenshot 2026-10-04 113601.png",1,coorg
"data\assamese\💚.jfif",0,assamese
"data\gujarati\Screenshot 2026-10-04 232936.png",2,gujarati
"data\assamese\🤎.jpg",0,assamese
"data\coorg\Screenshot 2026-10-04 112940.png",1,coorg
"data\gujarati\Screenshot 2026-10-06 190029.png",2,gujarati
"data\gujarati\Screenshot 2026-10-06 193406.png",2,gujarati
"data\coorg\Screenshot 2026-10-04 110215.png",1,coorg
"data\assamese\Tai Ahom dress (5).jpg",0,assamese
"data\assamese\Tai Ahom dress (3).jpg",0,assamese
"data\gujarati\Screenshot 2026-10-06 193500.png",2,gujarati
"data\maharastra\077ffd211bca1832add785bd3939bbc9.jpg",3,maharastra
"data\gujarati\Screenshot 2026-10-04 200814.png",2,gujarati
"data\coorg\Screenshot 2026-10-04 113735.png",1,coorg
"data\assamese\139048707236278639.jfif",0,assamese
"data\gujarati\Screenshot 2026-10-06 183453.png",2,gujarati
"data\maharastra\449163762841490513.jpg",3,maharastra
"data\coorg\Screenshot 2026-10-04 114145.png",1,coorg
"data\coorg\Screenshot 2026-10-04 114300.png",1,coorg
"data\assamese\mekhla chador.jpg",0,assamese
"data\gujarati\Screenshot 2026-10-06 193306.png",2,gujarati
"data\maharastra\🌸✨ 𑁍 𝐒𝐡𝐢𝐯𝐬𝐡𝐚𝐡𝐢 तुमच्यासाठी सादर करत आहे….jpg",3,maharastra
"data\coorg\Screenshot 2026-10-04 105619.png",1,coorg
"data\gujarati\Screenshot 2026-10-06 193437.png",2,gujarati
"data\coorg\coorg_saree_woman__16f81a800045.jpg",1,coorg
"data\maharastra\3cc5099f1a2b4a01ae80fa65ba758b82.jpg",3,maharastra
"data\gujarati\Screenshot 2026-10-04 202205.png",2,gujarati
"data\assamese\Tai Ahom dress (4).jpg",0,assamese
"data\coorg\coorg_saree_woman__c79d495af06b.jpg",1,coorg
"data\gujarati\Screenshot 2026-10-06 185219.png",2,gujarati
"data\gujarati\Screenshot 2026-10-04 200426.png",2,gujarati
"data\maharastra\313140980342852065.jpg",3,maharastra
"data\gujarati\143.jpg",2,gujarati
"data\gujarati\Screenshot 2026-10-06 191055.png",2,gujarati
"data\maharastra\acebef42e86e5f452fe6a727f35d7674.jpg",3,maharastra
"data\coorg\Screenshot 2026-10-04 105115.png",1,coorg
"data\coorg\Screenshot 2026-10-04 105931.png",1,coorg
"data\assamese\Assamese song and Assamese dance #assam #assamese #dance #bihu #mekhelachador #riha #muga.jpg",0,assamese
"data\assamese\Fashionable mekhla Chadar.jpg",0,assamese
"data\maharastra\ad5a1b932a43e600896f44a1c27ff4d8.jpg",3,maharastra
"data\maharastra\Bridal Navwari Saree.jpg",3,maharastra
"data\gujarati\154.jpg",2,gujarati
"data\coorg\Screenshot 2026-10-04 111848.png",1,coorg
"data\gujarati\90.jpg",2,gujarati
"data\maharastra\a0ec7af6b2f06b46ba1dc6e6ec2a619a.jpg",3,maharastra
"data\maharastra\32228953576565113.jpg",3,maharastra
"data\assamese\MEKHELA chador 😋.jfif",0,assamese
"data\maharastra\69155e07273d55a7c0e404e24e3f2e77.jpg",3,maharastra
"data\assamese\🤍🤌🏻.jfif",0,assamese
"data\assamese\184647653468909556.jpg",0,assamese
"data\coorg\Screenshot 2026-10-04 111831.png",1,coorg
"data\assamese\229824387229996004.jpg",0,assamese
"data\coorg\coorg_saree_draping_woman__807b29f50187.jpg",1,coorg
"data\maharastra\23a1c9deaf19c129e8ea23c16d574003.jpg",3,maharastra
"data\coorg\Screenshot 2026-10-04 113332.png",1,coorg
"data\gujarati\Screenshot 2026-10-06 191458.png",2,gujarati
"data\coorg\coorg_saree_woman__d943d3bd7d55.jpg",1,coorg
"data\assamese\Mekhela Chador💜💅.jpg",0,assamese
"data\gujarati\Screenshot 2026-10-06 190322.png",2,gujarati
"data\assamese\Nepal Traditional Dress2.jpg",0,assamese
"data\assamese\738097826463634747.jpg",0,assamese
"data\coorg\coorg_saree_draping_woman__5b4de9c40499.jpg",1,coorg
"data\coorg\Screenshot 2026-10-04 114200.png",1,coorg
"data\maharastra\0a7087d0e078cbb9c25b3933fc704c83.jpg",3,maharastra
"data\coorg\Screenshot 2026-10-04 113456.png",1,coorg
"data\gujarati\Screenshot 2026-10-06 191201.png",2,gujarati
"data\coorg\coorg_saree_woman__874fd45027ac.jpg",1,coorg
"data\assamese\images (1).jfif",0,assamese
"data\coorg\Screenshot 2026-10-04 111246.png",1,coorg
"data\coorg\coorg_traditional_sari_drape__90b0b574ba32.jpg",1,coorg
"data\gujarati\Screenshot 2026-10-06 190634.png",2,gujarati
"data\gujarati\Screenshot 2026-10-04 200917.png",2,gujarati
"data\maharastra\6744fd3db7a10dcdaecb0615ff59bf47.jpg",3,maharastra
"data\assamese\55802482875632196.jpg",0,assamese
"data\assamese\11.jpg",0,assamese
"data\gujarati\Screenshot 2026-10-06 190821.png",2,gujarati
"data\maharastra\443745369549154972.jpg",3,maharastra
"data\coorg\Screenshot 2026-10-04 110245.png",1,coorg
"data\assamese\7740630606892249.jpg",0,assamese
"data\coorg\coorg_saree_women__9c6ad6bbb849.jpg",1,coorg
"data\assamese\blue mekhla sador.jfif",0,assamese
"data\gujarati\75.jpg",2,gujarati
"data\assamese\52424783157806059.jpg",0,assamese
"data\maharastra\449163762844171706.jpg",3,maharastra
"data\coorg\Screenshot 2026-10-04 114649.png",1,coorg
"data\assamese\Mekhla Sador.jfif",0,assamese
"data\assamese\Mekhela Chador Archives.jfif",0,assamese
"data\gujarati\Screenshot 2026-10-06 185430.png",2,gujarati
"data\gujarati\226.jpg",2,gujarati
"data\coorg\Screenshot 2026-10-04 111115.png",1,coorg
"data\maharastra\60b8420994d065f8ac15c7120f8200a7.jpg",3,maharastra
"data\coorg\Screenshot 2026-10-04 111912.png",1,coorg
"data\coorg\Screenshot 2026-10-04 112639.png",1,coorg
"data\maharastra\our Beautiful Chandra Kala PAITHANI saree @jay shri swami shankar sarees Exclusive Bridal Collection.jpg",3,maharastra
"data\gujarati\Screenshot 2026-10-06 185718.png",2,gujarati
"data\gujarati\Screenshot 2026-10-04 203035.png",2,gujarati
"data\gujarati\Screenshot 2026-10-06 190156.png",2,gujarati
"data\maharastra\624241198366171763.jpg",3,maharastra
"data\assamese\Tai Ahom dress (18).jpg",0,assamese
"data\assamese\Tai Ahom dress (10).jpg",0,assamese
"data\assamese\Assamese bride (2).jpg",0,assamese
"data\gujarati\54.jpg",2,gujarati
"data\assamese\Assamese Bride (1).jfif",0,assamese
"data\gujarati\Screenshot 2026-10-04 232956.png",2,gujarati
"data\maharastra\36528c016028709f3b2a33bd3acd6ae1.jpg",3,maharastra
"data\gujarati\Screenshot 2026-10-04 232137.png",2,gujarati
"data\maharastra\f9df711622901b09cf488eaf1b245ab7.jpg",3,maharastra
"data\coorg\coorg_saree_woman__cfdb16a2f89d.webp",1,coorg
"data\gujarati\Screenshot 2026-10-06 183339.png",2,gujarati
"data\assamese\Muga Mekhela Chador♥️ (1).jfif",0,assamese
"data\assamese\Mekhela Chador.jpg",0,assamese
"data\coorg\Screenshot 2026-10-04 112405.png",1,coorg
"data\coorg\coorg_saree_woman__9f53a8a0a01c.webp",1,coorg
"data\gujarati\Screenshot 2026-10-06 192944.png",2,gujarati
"data\assamese\671740100709114702.jpg",0,assamese
"data\gujarati\Screenshot 2026-10-06 190954.png",2,gujarati
"data\gujarati\Screenshot 2026-10-04 201512.png",2,gujarati
"data\coorg\Screenshot 2026-10-04 110240.png",1,coorg
"data\gujarati\Screenshot 2026-10-04 232030.png",2,gujarati
"data\coorg\coorg_saree_draping_woman__ccb992ba4174.jpg",1,coorg
"data\maharastra\#marathinauvari #nauvari #saree #marathi.jpg",3,maharastra
"data\maharastra\e949acbd0a7529188a6b867761b78883.jpg",3,maharastra
"data\assamese\Elegant Assamese Traditional Look in Red Mekhela Chador ❤️.jfif",0,assamese
"data\maharastra\5a7f92e990bf9ee1d546849cbdd621ae.jpg",3,maharastra
"data\maharastra\b20d24d574e77ece9a42a3b40c6148b6.jpg",3,maharastra
"data\coorg\Screenshot 2026-10-04 112656.png",1,coorg
"data\assamese\Bihu Assam Photography.jpg",0,assamese
"data\coorg\Screenshot 2026-10-04 112627.png",1,coorg
"data\maharastra\1084734260267469113.jpg",3,maharastra
"data\maharastra\28f9f0b3ef3f4816cf0bfc4af3b9ec21.jpg",3,maharastra
"data\maharastra\3d54b0606c63c20343e48819b8fe781c.jpg",3,maharastra
"data\assamese\Dokhona - Asaam traditional Indian outfit✨️.jpg",0,assamese
"data\assamese\🕊️✨.jfif",0,assamese
"data\maharastra\f0123c81f55affaa18d4bb3d256e396e.jpg",3,maharastra
"data\coorg\Screenshot 2026-10-04 111143.png",1,coorg
"data\assamese\ASSAMESE ATTIRE.jpg",0,assamese
"data\assamese\Mekhela Sador _ Assamese traditional outfit _ ethnic wear_.jfif",0,assamese
"data\gujarati\193.jpg",2,gujarati
"data\gujarati\Screenshot 2026-10-04 202534.png",2,gujarati
"data\coorg\Screenshot 2026-10-04 110423.png",1,coorg
"data\gujarati\Screenshot 2026-10-06 193810.png",2,gujarati
"data\assamese\Bihu otd.jpg",0,assamese
"data\coorg\Screenshot 2026-10-04 111422.png",1,coorg
"data\coorg\coorg_saree_woman__20670c4b56d2.jpg",1,coorg
"data\coorg\Screenshot 2026-10-04 110615.png",1,coorg
"data\gujarati\113.jpg",2,gujarati
"data\maharastra\3f95072952f6f2b51d29e00961c962a2.jpg",3,maharastra
"data\maharastra\476c1698650112c6c8b3afdcfd899445.jpg",3,maharastra
"data\assamese\Ahom aesthetic __ Ahom people __ Ahom dress __ Black Ahom attire.jpg",0,assamese
"data\assamese\Assamese green traditional attire (1).jfif",0,assamese
"data\gujarati\Screenshot 2026-10-04 232745.png",2,gujarati
"data\gujarati\Screenshot 2026-10-06 191436.png",2,gujarati
"data\maharastra\b60ba2335059340b71ac08ed6b6917c4.jpg",3,maharastra
"data\maharastra\449163762842444586.jpg",3,maharastra
"data\assamese\Tai Ahom dress (11).jfif",0,assamese
"data\maharastra\449163762843434101.jpg",3,maharastra
"data\coorg\coorg_style_saree_woman__bda029740e89.jpg",1,coorg
"data\gujarati\Screenshot 2026-10-04 232053.png",2,gujarati
"data\assamese\Natural Dyed Cotton Traditional Handloom Mekhela Chador Set from Assam , India.jfif",0,assamese
"data\coorg\coorg_saree_woman__8b89e3a6e343.jpg",1,coorg
"data\gujarati\Screenshot 2026-10-06 190416.png",2,gujarati
"data\maharastra\cee5e64592a99f699ba17aec7b3fae2e.jpg",3,maharastra
"data\maharastra\a6346735e5f45f7ec7b1b8594c5abef6.jpg",3,maharastra
"data\maharastra\1141873680543319669.jpg",3,maharastra
"data\maharastra\606ac7ca35cc65f633ebb52be1403468.jpg",3,maharastra
"data\maharastra\5abe3072fa1e39d043079e20dff66e62.jpg",3,maharastra
"data\coorg\kodava_saree_woman__ababd2efc1e5.webp",1,coorg
"data\maharastra\feb4ed16e50108cc7efc106b5356c03a.jpg",3,maharastra
"data\assamese\Tasar Silk Mekhla Chador.jpg",0,assamese
"data\assamese\Assamese Attire_Classic Mekhela Chador.jpg",0,assamese
"data\coorg\coorg_saree_woman__ae5d5f556dc2.jpg",1,coorg
"data\gujarati\Screenshot 2026-10-06 190740.png",2,gujarati
"data\assamese\396950154671663464.jpg",0,assamese
"data\assamese\Blue.jfif",0,assamese
"data\assamese\💗.jfif",0,assamese
"data\coorg\Screenshot 2026-10-04 114018.png",1,coorg
"data\maharastra\44a6f773515339674cbc3d8e175efaa5.jpg",3,maharastra
"data\gujarati\Screenshot 2026-10-04 231501.png",2,gujarati
"data\maharastra\9ae8661aae697e4548824cae732c1e02.jpg",3,maharastra
"data\coorg\Screenshot 2026-10-04 105314.png",1,coorg
"data\coorg\Screenshot 2026-10-04 113355.png",1,coorg
"data\assamese\21040323254505669.jpg",0,assamese
"data\maharastra\2508ac712109b7b26273a2c5955ac4fc.jpg",3,maharastra
"data\assamese\972144269534799825.jpg",0,assamese
"data\maharastra\64da3df9aa1715e714aafbb57173945a.jpg",3,maharastra
"data\coorg\coorg_saree_woman__ff7a913e1ad3.jpg",1,coorg
"data\maharastra\25065ff250090159e998622080e8e38f.jpg",3,maharastra
"data\maharastra\6825836926001626.jpg",3,maharastra
"data\gujarati\Screenshot 2026-10-04 200528.png",2,gujarati
"data\assamese\Assam1.jpg",0,assamese
"data\maharastra\4 Beautiful Nauvari Saree Designs For Vat Purnima___.jpg",3,maharastra
"data\maharastra\b17265b922f01111f97af60e41631974.jpg",3,maharastra
"data\gujarati\Screenshot 2026-10-04 200405.png",2,gujarati
"data\coorg\coorg_saree_woman__415d97127ab6.jpg",1,coorg
"data\coorg\Screenshot 2026-10-04 111316.png",1,coorg
"data\coorg\coorg_saree_woman__8fa0e7095312.jpg",1,coorg
"data\coorg\Screenshot 2026-10-04 112033.png",1,coorg
"data\coorg\Screenshot 2026-10-04 110654.png",1,coorg
"data\assamese\Tai Ahom dress (9).jpg",0,assamese
"data\coorg\Screenshot 2026-10-04 112715.png",1,coorg
"data\coorg\Screenshot 2026-10-04 114224.png",1,coorg
"data\assamese\381328293468604798.jpg",0,assamese
"data\gujarati\240.jpg",2,gujarati
"data\maharastra\357d28467dae28e0d3751fa47515080f.jpg",3,maharastra
"data\assamese\✨ Traditional Assamese Look (1).jfif",0,assamese
"data\assamese\264656915617691729.jpg",0,assamese
"data\coorg\Screenshot 2026-10-04 114514.png",1,coorg
"data\maharastra\9dc0a9cdc0eca050fd74d8ef1e338563.jpg",3,maharastra
"data\coorg\Screenshot 2026-10-04 114536.png",1,coorg
"data\gujarati\Screenshot 2026-10-04 231523.png",2,gujarati
"data\maharastra\b2a216097f06b760416a22d2b66da1ac.jpg",3,maharastra
"data\gujarati\Screenshot 2026-10-04 201654.png",2,gujarati
"data\coorg\Screenshot 2026-10-04 111153.png",1,coorg
"data\gujarati\Screenshot 2026-10-04 202908.png",2,gujarati
"data\assamese\3.jpg",0,assamese
"data\gujarati\Screenshot 2026-10-04 200214.png",2,gujarati
"data\assamese\75364993759030730.jpg",0,assamese
"data\assamese\402227810493818233.jpg",0,assamese
"data\coorg\Screenshot 2026-10-04 112421.png",1,coorg
"data\gujarati\Screenshot 2026-10-06 190131.png",2,gujarati
"data\coorg\Screenshot 2026-10-04 110530.png",1,coorg
"data\coorg\Screenshot 2026-10-04 105939.png",1,coorg
"data\gujarati\Screenshot 2026-10-04 201635.png",2,gujarati
"data\assamese\6333255723319589.jpg",0,assamese
"data\maharastra\25 Hindu Wedding Dress Ideas_ Stunning Styles for___.jpg",3,maharastra
"data\assamese\757Live - @priyankachopra looking like an absolute goddess in a traditional Mekhela Chador in Assam! #PriyankaChopra #Assam #Traditional #Bollywood #Celebrity _ Facebook.jpg",0,assamese
"data\coorg\Screenshot 2026-10-04 110834.png",1,coorg
"data\coorg\Screenshot 2026-10-04 105909.png",1,coorg
"data\maharastra\875246508844879681.jpg",3,maharastra
"data\maharastra\313140980362619532.jpg",3,maharastra
"data\gujarati\238.jpg",2,gujarati
"data\maharastra\Ready to wear nauwari _ maharastrian saree in Mastani Pattern.jpg",3,maharastra
"data\assamese\351773420900407656.jpg",0,assamese
"data\assamese\INDIA 🇮🇳 _ Tai Ahom ethnic_ আহোম (2).jfif",0,assamese
"data\maharastra\313140980364246882.jpg",3,maharastra
"data\maharastra\c5569be23c08a3a2c4edcb233a073ab7.jpg",3,maharastra
"data\coorg\coorg_saree_woman__964044a231a9.jpg",1,coorg
"data\gujarati\Screenshot 2026-10-06 185506.png",2,gujarati
"data\maharastra\7f15ff228cac24592b305bff4dcf16e6.jpg",3,maharastra
"data\gujarati\Screenshot 2026-10-06 190503.png",2,gujarati
"data\coorg\Screenshot 2026-10-04 111853.png",1,coorg
"data\gujarati\Screenshot 2026-10-06 185338.png",2,gujarati
"data\maharastra\c5bed2c2a9405788232c5d25705d034b.jpg",3,maharastra
"data\assamese\167125836169628040.jpg",0,assamese
"data\maharastra\733664595575445466.jpg",3,maharastra
"data\assamese\305611524738436106.jpg",0,assamese
"data\assamese\Tai Ahom dress (13).jpg",0,assamese
"data\maharastra\Marathi saree ✨.jpg",3,maharastra
"data\coorg\Screenshot 2026-10-04 114105.png",1,coorg
"data\assamese\Mix POLY paat  mekhela shador Assamese mekhela shador  mekhela chador.jfif",0,assamese
"data\maharastra\22b01e6214febd54c9d3fec0456a3ced.jpg",3,maharastra
"data\assamese\Tai Ahom bride.jpg",0,assamese
"data\gujarati\42.jpg",2,gujarati
"data\assamese\Tai Ahom dress (19).jpg",0,assamese
"data\coorg\Screenshot 2026-10-04 114405.png",1,coorg
"data\gujarati\Screenshot 2026-10-04 201330.png",2,gujarati
"data\maharastra\1136947868452787497.jpg",3,maharastra
"data\maharastra\8de9a38ff81f6f630e35b7d155a541c2.jpg",3,maharastra
"data\maharastra\05b64e98bdecac63c9c38fc2edd56496.jpg",3,maharastra
"data\maharastra\1038150151580842571.jpg",3,maharastra
"data\maharastra\d370f3f19c7a7e362a91aa470535b3e3.jpg",3,maharastra
"data\assamese\Mekhela Chador 🩷.jfif",0,assamese
"data\coorg\Screenshot 2026-10-04 112253.png",1,coorg
"data\maharastra\33917803436407125.jpg",3,maharastra
"data\gujarati\Screenshot 2026-10-06 191521.png",2,gujarati
"data\maharastra\2ed106a6ed6d5bd92b0959912c285f3d.jpg",3,maharastra
"data\coorg\Screenshot 2026-10-04 112502.png",1,coorg
"data\gujarati\Screenshot 2026-10-06 191630.png",2,gujarati
"data\assamese\Tasar Silk Mekhla Chador1.jpg",0,assamese
"data\assamese\Mekhela chador❤️ (1).jfif",0,assamese
"data\maharastra\Nauvari Look.jpg",3,maharastra
"data\coorg\Screenshot 2026-10-04 114043.png",1,coorg
"data\gujarati\Screenshot 2026-10-04 234231.png",2,gujarati
"data\maharastra\822962531903567349.jpg",3,maharastra
"data\coorg\Screenshot 2026-10-04 110234.png",1,coorg
"data\maharastra\2e18202e8fb947267015f084e1b90126.jpg",3,maharastra
"data\assamese\#mekhelasador #assam #ethnic.jpg",0,assamese
"data\assamese\Selena in Assamese Traditional Dress 😍 Assam.jpg",0,assamese
"data\gujarati\Screenshot 2026-10-04 231601.png",2,gujarati
"data\gujarati\Screenshot 2026-10-06 191711.png",2,gujarati
"data\assamese\download (1).jfif",0,assamese
"data\maharastra\af189de6cb9d0f9579a48c5d92828d33.jpg",3,maharastra
"data\maharastra\449163762843055817.jpg",3,maharastra
"data\coorg\coorg_woman_cultural_dress__9d18a2fbdae7.jpg",1,coorg
"data\maharastra\f5eede59243b24111b5a7216d2ca256c.jpg",3,maharastra
"data\assamese\Indian Bridal Apparel - Assamese Bride - India_s Wedding Blog.jfif",0,assamese
"data\gujarati\Screenshot 2026-10-06 192836.png",2,gujarati
"data\coorg\Screenshot 2026-10-04 113114.png",1,coorg
"data\gujarati\Screenshot 2026-10-04 234257.png",2,gujarati
"data\assamese\608900812153748872 (1).jpg",0,assamese
"data\gujarati\Screenshot 2026-10-04 201832.png",2,gujarati
"data\assamese\Mekhela Chador by Sanjukta Dutta - Lakme Fashion Week - SR 17 - 4.jpg",0,assamese
"data\gujarati\Screenshot 2026-10-06 190759.png",2,gujarati
"data\assamese\269864202664630544.jpg",0,assamese
"data\assamese\Mahanta Sutradhar.jpg",0,assamese
"data\maharastra\Royal Blue Nauvari Saree Look _ Traditional Maharashtrian Bride & Festive Inspo.jpg",3,maharastra
"data\coorg\Screenshot 2026-10-04 113953.png",1,coorg
"data\assamese\Brides of India_ The Seven Sisters & Their Wonderful Brides! - Weddingplz Blog.jpg",0,assamese
"data\assamese\Bihu Danceq.jpg",0,assamese
"data\gujarati\Screenshot 2026-10-04 200327.png",2,gujarati
"data\maharastra\Elegant Marathi Saree Look 💫 Traditional Maharashtrian Beauty in Modern Style.jpg",3,maharastra
"data\assamese\mekhala chador.jfif",0,assamese
"data\gujarati\Screenshot 2026-10-06 185319.png",2,gujarati
"data\coorg\coorg_saree_draping_woman__0d74dc4fd8fa.jpg",1,coorg
"data\maharastra\6323cef4a295c9bc518f268dbfbf2888.jpg",3,maharastra
"data\maharastra\06c87bcfbee53e609ff9de9ee019d0f1.jpg",3,maharastra
"data\assamese\Assamese Silk Mekhela Sador (1).jpg",0,assamese
"data\gujarati\Screenshot 2026-10-06 185648.png",2,gujarati
"data\maharastra\424605071136992536.jpg",3,maharastra
"data\coorg\Screenshot 2026-10-04 110143.png",1,coorg
"data\gujarati\Screenshot 2026-10-06 194154.png",2,gujarati
"data\maharastra\e45c8cbd6044c94468f029c556a84f42.jpg",3,maharastra
"data\gujarati\Screenshot 2026-10-06 191035.png",2,gujarati
"data\assamese\assamese.jpg",0,assamese
"data\gujarati\Screenshot 2026-10-04 202556.png",2,gujarati
"data\coorg\Screenshot 2026-10-04 105950.png",1,coorg
"data\assamese\184647653468335219.jpg",0,assamese
"data\maharastra\56fbe9f0b5cd0e2e6d93aa418d8acf05.jpg",3,maharastra
"data\gujarati\Screenshot 2026-10-04 203127.png",2,gujarati
"data\maharastra\ccab3fb8af5545cd6fda7db851a8e9b0.jpg",3,maharastra
"data\maharastra\5b648e60893d6419d13c500b3e8ef2c6.jpg",3,maharastra
"data\assamese\Trending Light Green Mekhela Sador _ Elegant Assamese Ethnic Outfit for Wedding & festive wear 💚.jpg",0,assamese
"data\coorg\kodagu_saree_woman__3095f7d927a0.png",1,coorg
"data\assamese\184647653467411137.jpg",0,assamese
"data\coorg\Screenshot 2026-10-04 110733.png",1,coorg
"data\gujarati\Screenshot 2026-10-06 193518.png",2,gujarati
"data\gujarati\Screenshot 2026-10-04 202335.png",2,gujarati
"data\coorg\Screenshot 2026-10-04 105638.png",1,coorg
"data\gujarati\Screenshot 2026-10-04 202152.png",2,gujarati
"data\gujarati\Screenshot 2026-10-04 233040.png",2,gujarati
"data\gujarati\Screenshot 2026-10-04 231834.png",2,gujarati
"data\maharastra\0059b3decd8f7a1d00b5e7687bde5770.jpg",3,maharastra
"data\maharastra\6cf991441b1de604432f41dc79c50979.jpg",3,maharastra
"data\maharastra\523532684686bd3a2fd593152bc73360.jpg",3,maharastra
"data\gujarati\Screenshot 2026-10-04 232305.png",2,gujarati
"data\coorg\Screenshot 2026-10-04 114247.png",1,coorg
"data\coorg\Screenshot 2026-10-04 110635.png",1,coorg
"data\maharastra\TRISULA88_ Situs Ladang Uang Terbaik & Paling Hot di 2026.jpg",3,maharastra
"data\assamese\💥🥻Mix POLY Paat Mekhela Sador Assamese MEKHELA….jpg",0,assamese
"data\gujarati\92.jpg",2,gujarati
"data\coorg\Screenshot 2026-10-04 110542.png",1,coorg
"data\assamese\Sattriya classical dress - Baishali Kashyap.jfif",0,assamese
"data\coorg\coorg_saree_women__48a18da83330.jpg",1,coorg
"data\assamese\Assamese Saree Draping Syle.jpg",0,assamese
"data\maharastra\c8821e0381d24b0134820755aeecbf30.jpg",3,maharastra
"data\maharastra\9039ab5096f489ca95fff3b5378f63f0.jpg",3,maharastra
"data\coorg\Screenshot 2026-10-04 114252.png",1,coorg
"data\maharastra\633811347569432340.jpg",3,maharastra
"data\assamese\587016132726189475.jpg",0,assamese
"data\gujarati\Screenshot 2026-10-06 190225.png",2,gujarati
"data\gujarati\220.jpg",2,gujarati
"data\maharastra\5e0188193e0455e856c0457f9a4044e0.jpg",3,maharastra
"data\coorg\kodava_saree_woman__a48a15efa55d.webp",1,coorg
"data\coorg\Screenshot 2026-10-04 110442.png",1,coorg
"data\gujarati\Screenshot 2026-10-04 202832.png",2,gujarati
"data\gujarati\Screenshot 2026-10-06 190441.png",2,gujarati
"data\maharastra\9 Unique Maharashtrian Sarees to Wear for Ganesh Chaturthi 2024.jpg",3,maharastra
"data\assamese\Tai-Ahom, Assam, Indian culture, Traditional, Indian, Assamese_.jpg",0,assamese
"data\maharastra\552465079310185393.jpg",3,maharastra
"data\assamese\Cultural attire.jpg",0,assamese
"data\coorg\Screenshot 2026-10-04 110800.png",1,coorg
"data\assamese\Mekhela chador💓💓.jfif",0,assamese
"data\maharastra\1016687684622844943.jpg",3,maharastra
"data\coorg\Screenshot 2026-10-04 114615.png",1,coorg
"data\coorg\Screenshot 2026-10-04 114706.png",1,coorg
"data\gujarati\187.jpg",2,gujarati
"data\gujarati\48.jpg",2,gujarati
"data\gujarati\Screenshot 2026-10-06 190700.png",2,gujarati
"data\maharastra\#mannequinboutique #ujjain #marathmoli….jpg",3,maharastra
"data\gujarati\202.jpg",2,gujarati
"data\maharastra\642a6b51c192b2265b858a714abfb1a9.jpg",3,maharastra
"data\maharastra\f8be40f8239b6a31bd9fce691f278294.jpg",3,maharastra
"data\gujarati\Screenshot 2026-10-04 231747.png",2,gujarati
"data\coorg\Screenshot 2026-10-04 110711.png",1,coorg
"data\coorg\Screenshot 2026-10-04 110554.png",1,coorg
"data\coorg\coorg_saree_woman__45bcb83e6f82.jpg",1,coorg
"data\assamese\Tai Ahom dress (21).jpg",0,assamese
"data\assamese\304767099779051713.jpg",0,assamese
"data\assamese\Sador mekhala.jfif",0,assamese
"data\gujarati\196.jpg",2,gujarati
"data\maharastra\1469ff6e11d6817f9bd923901944deee.jpg",3,maharastra
"data\coorg\coorg_saree_woman__581c5bbaeb13.jpg",1,coorg
"data\coorg\kodagu_saree_woman__d19134736b9e.jpg",1,coorg
"data\maharastra\1117737201296472888.jpg",3,maharastra
"data\gujarati\Screenshot 2026-10-06 191110.png",2,gujarati
"data\coorg\Screenshot 2026-10-04 113018.png",1,coorg
"data\assamese\mekhela sador ❤️🤎.jfif",0,assamese
"data\gujarati\Screenshot 2026-10-04 200656.png",2,gujarati
"data\gujarati\207.jpg",2,gujarati
"data\maharastra\340241015bd1597ac43e5c26579cfcec.jpg",3,maharastra
"data\coorg\coorg_saree_women__cf4a91b3901d.jpg",1,coorg
"data\gujarati\105.jpg",2,gujarati
"data\coorg\Screenshot 2026-10-04 111240.png",1,coorg
"data\assamese\sador mekhala (1).jpg",0,assamese
"data\coorg\coorg_saree_woman__25e1d21bb07a.jpg",1,coorg
"data\gujarati\Screenshot 2026-10-04 232825.png",2,gujarati
"data\gujarati\Screenshot 2026-10-04 233451.png",2,gujarati
"data\maharastra\21d24cbbb06f459bd3221848b45c0cf3.jpg",3,maharastra
"data\assamese\✨️Khruptang✨️.jpg",0,assamese
"data\maharastra\1131248000166973873.jpg",3,maharastra
"data\coorg\kodava_saree_woman__c31d4e733b6b.webp",1,coorg
"data\coorg\Screenshot 2026-10-04 112601.png",1,coorg
"data\coorg\Screenshot 2026-10-04 110507.png",1,coorg
"data\assamese\374854369000644749.jpg",0,assamese
"data\assamese\Bodo of Assam traditional clothing.jpg",0,assamese
"data\assamese\10977592837925716.jpg",0,assamese
"data\maharastra\1032168808359201687.jpg",3,maharastra
"data\assamese\Aassames Mekhala Chador.jfif",0,assamese
"data\gujarati\Screenshot 2026-10-04 201228.png",2,gujarati
"data\gujarati\Screenshot 2026-10-04 231622.png",2,gujarati
"data\maharastra\449163762847168289.jpg",3,maharastra
"data\maharastra\2506c7f7282c80dc70b234d10cfee932.jpg",3,maharastra
"data\coorg\coorg_saree_woman__b6be4e44c79a.jpg",1,coorg
"data\coorg\coorg_saree_woman__e1b07be855b0.webp",1,coorg
"data\coorg\coorg_saree_woman__c491f4dd74d1.jpg",1,coorg
"data\assamese\Ivory Kesa Paat Silk Mekhela Sador (1).jfif",0,assamese
"data\assamese\20 Assamese Wedding Dress Ideas for a Meaningful___.jpg",0,assamese
"data\gujarati\Screenshot 2026-10-06 190355.png",2,gujarati
"data\maharastra\313140980363222385.jpg",3,maharastra
"data\assamese\Assamese Bride.jpg",0,assamese
"data\assamese\💛.jfif",0,assamese
"data\maharastra\6882bf749c5f65b8d23fe8b1bcf260a1.jpg",3,maharastra
"data\assamese\11610911542041160.jpg",0,assamese
"data\maharastra\3e53b5c7c3908f92265435e1d6c2e0ee.jpg",3,maharastra
"data\coorg\Screenshot 2026-10-04 112541.png",1,coorg
"data\coorg\Screenshot 2026-10-04 112734.png",1,coorg
"data\assamese\Assamese girl.jpg",0,assamese
"data\assamese\441423201000588265.jpg",0,assamese
"data\maharastra\red.jpg",3,maharastra
"data\maharastra\872361390341251364.jpg",3,maharastra
"data\maharastra\4afc7e1dc0eb0d89d4951f8a67c78709.jpg",3,maharastra
"data\assamese\Tai Ahom dress (15).jpg",0,assamese
"data\gujarati\194.jpg",2,gujarati
"data\coorg\coorg_women_cultural_festival_saree__a81778ca1df0.jpg",1,coorg
"data\maharastra\d2b946774d7fa7be2038a32a14bda705.jpg",3,maharastra
"data\maharastra\40804145726725e8a2e9c09534066200.jpg",3,maharastra
"data\assamese\587227238935750930.jpg",0,assamese
"data\gujarati\Screenshot 2026-10-06 191132.png",2,gujarati
"data\gujarati\Screenshot 2026-10-06 190524.png",2,gujarati
"data\gujarati\Screenshot 2026-10-04 233155.png",2,gujarati
"data\assamese\225672631323397890.jpg",0,assamese
"data\assamese\384917099416951490.jpg",0,assamese
"data\assamese\639440847114420242.jpg",0,assamese
"data\maharastra\94b1d3ff1d25d1fa24f575351d4a63ab.jpg",3,maharastra
"data\maharastra\4ae98e3e9ecdebdab54e44cec66c2170.jpg",3,maharastra
"data\maharastra\dacb976277156f00f2d2d91371a381d2.jpg",3,maharastra
"data\gujarati\Screenshot 2026-10-06 183400.png",2,gujarati
"data\gujarati\Screenshot 2026-10-04 233017.png",2,gujarati
"data\gujarati\Screenshot 2026-10-04 234820.png",2,gujarati
"data\coorg\Screenshot 2026-10-04 112159.png",1,coorg
"data\assamese\184647653468924189.jpg",0,assamese
"data\gujarati\Screenshot 2026-10-06 185621.png",2,gujarati
"data\gujarati\Screenshot 2026-10-06 190339.png",2,gujarati
"data\coorg\Screenshot 2026-10-04 105810.png",1,coorg
"data\coorg\Screenshot 2026-10-04 114815.png",1,coorg
"data\coorg\Screenshot 2026-10-04 110224.png",1,coorg
"data\coorg\coorg_saree_woman__5781750fdde6.jpg",1,coorg
"data\coorg\kodagu_traditional_dress_woman__be2e71342046.jpg",1,coorg
"data\assamese\Mahanta Sutradhar1.jpg",0,assamese
"data\gujarati\Screenshot 2026-10-06 193344.png",2,gujarati
"data\gujarati\Screenshot 2026-10-04 200444.png",2,gujarati
"data\maharastra\879e769cec4a2ecc0ffdf3eb0e67bc75.jpg",3,maharastra
"data\assamese\mekhela sador traditional wear.jfif",0,assamese
"data\assamese\download.jpg",0,assamese
"data\gujarati\Screenshot 2026-10-04 232431.png",2,gujarati
"data\coorg\kodagu_saree_woman__ac35c79c9bcd.jpg",1,coorg
"data\coorg\kodagu_saree_draping__4ef25f6c6806.jpg",1,coorg
"data\gujarati\Screenshot 2026-10-06 192127.png",2,gujarati
"data\gujarati\62.jpg",2,gujarati
"data\assamese\Mekhela Chador by Sanjukta Dutta - Lakme Fashion….jpg",0,assamese
"data\maharastra\1139903355668128703.jpg",3,maharastra
"data\coorg\Screenshot 2026-10-04 114207.png",1,coorg
"data\gujarati\Screenshot 2026-10-06 191414.png",2,gujarati
"data\coorg\coorg_saree_woman__823d40cbea35.jpg",1,coorg
"data\maharastra\61XtejCHFUL._AC_UY1100_.jpg",3,maharastra
"data\coorg\Screenshot 2026-10-04 105339.png",1,coorg
"data\coorg\kodagu_saree_woman__6c96095233c4.jpg",1,coorg
"data\maharastra\beca5dbc0d16607f4a35718b9c0a2141.jpg",3,maharastra
"data\assamese\591519732290526817.jpg",0,assamese
"data\coorg\Screenshot 2026-10-04 105323.png",1,coorg
"data\gujarati\237.jpg",2,gujarati
"data\assamese\sador mekhela new collection____.jpg",0,assamese
"data\gujarati\63.jpg",2,gujarati
"data\assamese\442126888439165914 (1).jpg",0,assamese
"data\assamese\28147566406772434.jpg",0,assamese
"data\maharastra\cfe0fcac25c6f0438d6cd13777f01edc.jpg",3,maharastra
"data\maharastra\627337423139485326.jpg",3,maharastra
"data\gujarati\Screenshot 2026-10-06 193658.png",2,gujarati
"data\gujarati\Screenshot 2026-10-06 190611.png",2,gujarati
"data\assamese\Dakmanda (A_chik traditional attire).jfif",0,assamese
"data\maharastra\449163762842396832.jpg",3,maharastra
"data\coorg\coorg_saree_women__ad7997643901.jpg",1,coorg
"data\gujarati\Screenshot 2026-10-06 190931.png",2,gujarati
"data\maharastra\1065875436801793237.jpg",3,maharastra
"data\maharastra\0711dfc6094f0c5af4e666126cca42fe.jpg",3,maharastra
"data\coorg\coorg_women_cultural_festival_saree__797927a31933.jpg",1,coorg
"data\maharastra\449163762850967434.jpg",3,maharastra
"data\gujarati\73.jpg",2,gujarati
